{
  "title": "SplatfestDL",
  "author": "Sheldon10095",
  "category": "legacy",
  "version": "0.3",
  "url": "https://github.com/Sheldon10095/SFDL/releases",
  "license": "",
  "description": "Custom Splatfest Downloader",
  "details": "Custom Splatfest Downloader for Splatoon.\\n\\nThis app has an auto-update feature.\\n\\nDownload Custom Splatfests for Splatoon!\\n\\nFor more info, join the Custom Splatfest Discord Server.\\n\\nRun MochaCFW SD before running this, and also, PLEASE backup your save file just in case.",
  "changelog": "0.3\\n\\nFixed another SSL error\\n\\n0.2\\n\\nBuilt with Curl 7.75.0, and fixes SSL errors. (Specifically CURLE_SSL_CONNECT_ERROR )\\n\\n0.1\\n\\nInitial Release."
}