{
	"frames" : 
	{
		"IDLE" :
		{
			"f0" : 
			{
				"width" : 21,
				"height" : 40,
				"x" : 0,
				"y" : 0
			}
		},
		"LADDER_IDLE" :
		{
			"f0" : 
			{
				"width" : 18,
				"height" : 40,
				"x" : 48,
				"y" : 0
			}
		},
		"WALK" :
		{
			"f0" : 
			{
				"width" : 21,
				"height" : 40,
				"x" : 0,
				"y" : 0
			},
			"f1" : 
			{
				"width" : 21,
				"height" : 40,
				"x" : 23,
				"y" : 0
			}
		},
		"LADDER" :
		{
            "f0" : 
			{
				"width" : 18,
				"height" : 40,
				"x" : 48,
				"y" : 0
			},
            "f1" : 
			{
				"width" : 18,
				"height" : 40,
				"x" : 69,
				"y" : 0
			}
		}
	},
	"info" :
	{
		"speed" : 0.2
	}
}