{
	"frames" : 
	{
		"IDLE" :
		{
			"f0" : 
			{
				"width" : 24,
				"height" : 32,
				"x" : 27,
				"y" : 0
			}
		},
		"LADDER_IDLE" :
		{
			"f0" : 
			{
				"width" : 24,
				"height" : 32,
				"x" : 81,
				"y" : 0
			}
		},
		"WALK" :
		{
			"f0" : 
			{
				"width" : 24,
				"height" : 32,
				"x" : 0,
				"y" : 0
			},
			"f1" : 
			{
				"width" : 24,
				"height" : 32,
				"x" : 27,
				"y" : 0
			},
			"f2" : 
			{
				"width" : 24,
				"height" : 32,
				"x" : 54,
				"y" : 0
			},
			"f3" : 
			{
				"width" : 24,
				"height" : 32,
				"x" : 27,
				"y" : 0
			}
		},
		"LADDER" :
		{
			"f0" : 
			{
				"width" : 24,
				"height" : 32,
				"x" : 81,
				"y" : 0
			},
			"f1" : 
			{
				"width" : 24,
				"height" : 32,
				"x" : 108,
				"y" : 0
			},
			"f2" : 
			{
				"width" : 24,
				"height" : 32,
				"x" : 135,
				"y" : 0
			},
			"f3" : 
			{
				"width" : 24,
				"height" : 32,
				"x" : 162,
				"y" : 0
			},
			"f4" : 
			{
				"width" : 24,
				"height" : 32,
				"x" : 189,
				"y" : 0
			},
			"f5" : 
			{
				"width" : 24,
				"height" : 32,
				"x" : 216,
				"y" : 0
			}
		}
	},
	"info" :
	{
		"speed" : 0.2
	}
}