<?xml version="1.0" encoding="UTF-8" standalone="yes"?>
<app version="1">
  <name>Spiik</name>
  <coder>::Phoenix::</coder>
  <version>0.1b</version>
  <release_date>20170209200000</release_date>
  <short_description>Enhance Region Free</short_description>
<long_description>Spiik

Spiik is a Wii U homebrew that enchances the region-free feature of current custom firmwares.

It makes your games believe they are run on a specific console region and system language.

Why do I need it?

There are many games that even with region-free CFWs, freeze if not of the same region of the console. This happens because the game still checks the console region in order to decide what folders and files to load. If of a different region, the game will not find the right folders/files and would freeze.

How do I use it?

Just run the elf in HBL, choose the region and language you want to enforce and press A. You will be redirected to the Wii U menu. Every game you run will think the console region and language are the ones you selected.

To disable Spiik, just go back to the HBL/HBLC.
</long_description>
<category>tool</category>
<url>https://gbatemp.net/threads/release-spiik-region-language-changer.464126/#post-7168598</url>

</app>
