{
  "title": "FesTool",
  "author": "multiple people",
  "category": "legacy",
  "version": "2.0-r10",
  "url": "https://oatmealdome.me/splatfest",
  "license": "",
  "description": "Play custom Splatfests",
  "details": "This tool allows you to play custom Splatfests in Splatoon. For credits, press X at the selection menu. For more information on the events and setup, see the thread here: https://gbatemp.net/threads/release-festool-play-custom-splatfests-in-splatoon.456696/\\nBE WARY OF BANS and read the thread carefully before using! You can only play Splatfest Battles with FesTool when a Splatfest is happening.\\n",
  "changelog": ""
}