{
  "title": "SwapDRC",
  "author": "OatmealDome and Yahya14",
  "category": "legacy",
  "version": "1.3.1",
  "url": "https://gbatemp.net/threads/swap-drc-for-tv-only-wii-u-games.478026/#post-7458492",
  "license": "",
  "description": "Switch TV display onto the gamepad",
  "details": "This tool installs SwapDRC, Padcon, TCPGecko and/or Cafiine into system memory.\\n    \\n\tSwitch the TV and gamepad display and the DRC sensor bar by holding the L shoulder button and then press MINUS. Pressing the TV button also works.\\n\t\t\\n\tSpecial thanks to: Maschell, dimok, NWPlayer123, Brienj, and BKOOL999.\\n\t",
  "changelog": ""
}