{
    "author": "brienj", 
    "category": "tool", 
    "description": "U-Spank-It App", 
    "details": "XHP Creations proudly presents U-Spank-It\nExperience porn without the hassle of ads or leaving a porn trail in your browser history.\nAutomatically grabs the highest quality video, 1080p is the max though.\nIt can sometimes take a while to process the stream, so just hold on and wait, especially if you have a crappy connection.  :P\n", 
    "license": "n/a", 
    "title": "U-Spank-It", 
    "url": "https://gbatemp.net/threads/release-lameircu.460609/", 
    "version": "v1.00"
}