<?xml version="1.0" encoding="UTF-8" standalone="yes"?>
<app version="1">
  <name>PacMan</name>
  <coder>RYUUTSEKU85</coder>
  <version>3.0</version>
  <url>https://gbatemp.net/threads/pacman-for-hbl.429721/</url>
  <release_date>20160712210000</release_date>
  <short_description>PacMan Game</short_description> 
  <long_description>
  Thanks to Brienj who figure out a way to speed 
  the game a little.
  thanks to VGMoose to share his knowledge.
  Thanks to Pwsincd for the safe place (you know what i mean).
  Thanks to all of the players !!!
  
  

  </long_description> 
  <category>game</category>

</app>