{
  "title": "Mocha CFW",
  "author": "dimok",
  "category": "legacy",
  "version": "0.2",
  "url": "https://gbatemp.net/threads/mocha-cfw-the-sweet-chocalate-to-your-latte.452940/",
  "license": "",
  "description": "Mocha Custom Firmware",
  "details": "Mocha CFW is a custom firmware that is derived from iosuhax. It offers all the features of iosuhax and some addional features without the requirement of a fw.img on the SD card. Furthermore it combines all the current features of a custom firmware such as sysNAND or redNAND with signature patches into one application with a configuration setting.\\n\\nMocha CFW hooks itself into the IOS launch process, right before it jumps into the bootrom, and patches the (at this point) decrypted IOS ELF in memory with new functions.\\n\\nNew features\\n\\n    fw.img less custom firmware\\n    sysNAND or redNAND patching in one application selected in a setting\\n    SEEPROM redirection to/from SD card\\n    OTP redirection from SD card\\n    custom launch image on load of the custom firmware if exist on sd card (sd:/wiiu/apps/mocha/launch_image.tga)\\n  ",
  "changelog": ""
}