<?xml version="1.0" encoding="UTF-8" standalone="yes" ?>
<app version="1">
    <name>U-Spank-It</name>
    <coder>brienj</coder>
    <version>v1.00</version>
    <url>https://gbatemp.net/threads/release-lameircu.460609/</url>
    <release_date>20170310001400</release_date>
    <short_description>U-Spank-It App</short_description>
    <long_description>XHP Creations proudly presents U-Spank-It
Experience porn without the hassle of ads or leaving a porn trail in your browser history.
Automatically grabs the highest quality video, 1080p is the max though.
It can sometimes take a while to process the stream, so just hold on and wait, especially if you have a crappy connection.  :P
</long_description>
<category>tool</category>
</app>