<?xml version="1.0" encoding="UTF-8" standalone="yes"?>
<app version="1">
  <name>Bloopair</name>
  <coder>GaryOderNichts</coder>
  <version>v0.5.0</version>
  <release_date>20211124120000</release_date>
  <short_description>Connect other controllers to your Wii U</short_description> 
  <long_description>
Allows connecting controllers from other consoles like native Wii U Pro Controllers on the Wii U.  
Bloopair temporarily applies patches to the IOS-PAD module responsible for Bluetooth controller connections.

Usage:
    - Once launched the Wii U menu should open
    - You can now connect any supported controller
  </long_description> 
  <url>https://github.com/GaryOderNichts/Bloopair</url>
  <category>tool</category>
</app>
