<?xml version="1.0" encoding="UTF-8" standalone="yes"?>
<app version="1">
    <name>SwapDRC</name>
    <coder>OatmealDome and Yahya14</coder>
	<url>https://gbatemp.net/threads/swap-drc-for-tv-only-wii-u-games.478026/#post-7458492</url>
    <version>1.3.1</version>
    <release_date>201707190000000</release_date>
    <short_description>Switch TV display onto the gamepad</short_description>
	<long_description>This tool installs SwapDRC, Padcon, TCPGecko and/or Cafiine into system memory.
    
	Switch the TV and gamepad display and the DRC sensor bar by holding the L shoulder button and then press MINUS. Pressing the TV button also works.
		
	Special thanks to: Maschell, dimok, NWPlayer123, Brienj, and BKOOL999.
	</long_description>
	<category>tool</category>
</app>
