{
  "title": "HBL2HBC",
  "author": "FIX94",
  "category": "legacy",
  "version": "v1.1u1",
  "url": "https://github.com/FIX94/hbl2hbc",
  "license": "",
  "description": "Boot from HBL to HBC or app",
  "details": "Boot to your vwii Homebrew Channel or\\n\\n  \tadd a config file hbl2hbc.txt where you can add TitleID=TileName lines to then choose from in a small menu if that config is on your sd card root, if no config is found it will just launch the homebrew channel by default like v1.0\\n-if the config file provided only contains one title id boot that directly, no need to display a selection menu for that\\n\\n  \tconfig\\n  ",
  "changelog": ""
}