{
  "title": "WUP Installer GX2",
  "author": "Dj_Skual",
  "category": "legacy",
  "version": "v1.3 rev21",
  "url": "https://sourceforge.net/projects/wup-installer-gx2/",
  "license": "",
  "description": "WiiU public title installer.",
  "details": "This application can install public titles such as games, game updates or DLC to your system memory (NAND) or the WiiU formatted USB.\\nThis application is based on \"WUP Installer y Mod\" by Yardape and the GUI from \"Loadiine GX2\" sources.\\n\\nThis version work from HBL and HBL channel.\\n\\nThanks to:\\n  Loadiine GX2 team for GUI sources.\\n  Yardape for installer sources.\\n\\n  Links:\\n  https://sourceforge.net/projects/wup-installer-gx2/\\n  ",
  "changelog": ""
}