{
  "title": "Flappy Bird GX2",
  "author": "rw-r-r_0644",
  "category": "legacy",
  "version": "1.0",
  "url": "https://gbatemp.net/threads/release-hbl-flappy-bird-gx2.444091/#post-6731481",
  "license": "",
  "description": "A Flappy Bird clone for Wii U",
  "details": "A Flappy Bird clone for WiiU using GX2 graphics\\n  Don't hit pipes!\\n  And don't fall down too!\\n  \\n  Press A to start and jump\\n  \\n  Credits:\\n  dimok - WiiU librabries, dynamic_libs, examples, Homebrew Launcher\\n  Maschell - GX2_Example and coding help\\n  vgmoose - Coding help\\n  pwsincd - Icon\\n  QuarkTheAwesome, dylon99 - Various help and testing\\n  ",
  "changelog": ""
}