{
  "title": "CHIP8 Emulator",
  "author": "rw-r-r_0644 brienj",
  "category": "legacy",
  "version": "2.2",
  "url": "https://github.com/xhp-creations/CHIP8-Emulator-WiiU",
  "license": "",
  "description": "A CHIP8 Emulator",
  "details": "A CHIP8 Emulator for WiiU.\\n  \\n  Ported by rw-r-r_0644\\n  Credits:\\nCHIP-8/SCHIP-8 GX2 Emulator by brienj\\n\\nI updated the CHIP-8 Emulator made by rw-r-r_0644 to use GX2 graphics, include the buzzer, and support the Super CHIP-8 interpreter\\n  ",
  "changelog": ""
}