{
  "title": "C@VE",
  "author": "SonyUSA",
  "category": "legacy",
  "version": "1.0",
  "url": "https://gbatemp.net/threads/wip-c-ve-5-3-2-5-5-x.414000/",
  "license": "",
  "description": "C@VE Adventure Game",
  "details": "You (@) found Hykem's Dog (d) in a deep, dark cave and now must return her to him! Avoid traps (*) and make sure his dog stays full by feeding it food (F) so it doesn't starve to death! Maybe he will be so grateful, that he will bestow upon you IOSU hacks! Search for hidden doors and traps with Y and drink potions (p) to restore your health! \\n\\nMeta and Icon by Pwsincd.\\n",
  "changelog": ""
}