{
  "title": "Aoc Patcher",
  "author": "MasQchips",
  "category": "legacy",
  "version": "0.1b",
  "url": "https://github.com/Yardape8000/AocPatcher",
  "license": "",
  "description": "WiiU title DLC Patcher.",
  "details": "This application can load DLC titles in your system memory.\\n  \tFolder structure DLC\\n\\n-Place the DLC into the titles path on your SD Card /wiiu/games/titles/[Title Id]/[AOC Title].\\n\\n(e.g. for Super Smash Bros EUR /wiiu/games/titles/0005000010145000/aoc0005000c10145000\\n\\nCredits\\n\\nDimok\\nMaschell\\nand several more contributers\\n  ",
  "changelog": ""
}