{
  "title": "HB App Store",
  "author": "vgmoose",
  "category": "legacy",
  "version": "2.2",
  "url": "https://github.com/vgmoose/hb-appstore",
  "license": "GPLv3",
  "description": "Download homebrew apps",
  "details": "Homebrew App Store allows you to download homebrew apps for HBL directly in the app. Installed apps can also be reinstalled, updated, or deleted.\\n\\nMusic by (T-T)b (google t tb chiptunes!)\\nThanks to pwsincd, brienj, and dimok!\\n\\nsource code: https://github.com/vgmoose/hbas\\nThis copy is precompiled for http://wiiubru.com/appstore\\n\\n",
  "changelog": "2.2\\n- No more loading bar! Icons load on the fly\\n- Recovery mode added, accessed by pressing repeatedly L/R immediately after launching\\n- Switched to Chesto/resinfs for drawing UI and asset storage\\n- Updated Credits/About Screen\\n- Bugfixes around UI and unpacking files"
}