{
  "title": "Wuphax",
  "author": "FIX94",
  "category": "legacy",
  "version": "1.1u3",
  "url": "https://github.com/FIX94/wuphax/releases",
  "license": "",
  "description": "Hacking vWii from WiiU Mode",
  "details": "So this is something I wrote today which may be helpful to people who dont have a required game to hack vwii.\\n\\nUPDATE: this update is one month after the initial release of v1.0, this is much simpler to do now with v1.1!\\nGrab the current elf release from the releases tab.\\nDownload the hackmii installer and put only the boot.elf from that zip on your sd card root.\\nMake sure to unplug any and all usb devices before following any of these steps.\\nPut the wuphax.elf into your wiiu/apps folder on your sd card and run it in homebrew launcher.\\nPress A to back up your current mii channel and inject it with wuphax.\\nAfter the wiiu restarted, go into wii mode and run mii channel, install homebrew channel from there.\\nTo restore the mii channel just run the elf again and press B this time.\\n  ",
  "changelog": ""
}