<?xml version="1.0" encoding="UTF-8" standalone="yes"?>
<app version="1">
  <name>Fireplace-NX-wiiu</name>
  <coder>rw-r-r-0644</coder>
  <version>0.1</version>
  <url>https://github.com/rw-r-r-0644/Fireplace-NX-wiiu/releases</url>
  <release_date>20161022200000</release_date>
  <short_description>A lovely pixelated fireplace</short_description>
  <long_description>
A lovely pixelated fireplace simulator for the Nintendo Wii U

Press Home to exit to HBL
This is a port of Fireplace-NX, all the credits to the original Nintendo Switch app author (Marice)

Source: https://github.com/Marice/Fireplace-NX

Ported to Nintendo Switch from: https://www.hanshq.net/fire.html

Logo from Clipartsign.com
  </long_description>
  <category>poc</category>

</app>
