{
  "title": "U-Paint",
  "author": "brienj",
  "category": "legacy",
  "version": "2.5",
  "url": "https://gbatemp.net/threads/u-paint-v2-5-for-homebrew-launcher.427404/",
  "license": "",
  "description": "U-Paint",
  "details": "XHP Creations proudly presents U-Paint\\nSpecial Thanks to:\\nDatalogger - Old school hacker\\nvgmoose - Inspiring programmer that's always cool\\npwsincd - For setting up a non-volatile working environment\\nQuark The Awesome - Another inspiring programmer that never quits\\nDimok - For setting up the Homebrew Launcher environment\\nXHP Creations logo is a trademark of XHP Creations and should not be used in any unofficial build.",
  "changelog": ""
}