{
    "author": "steff", 
    "category": "loader", 
    "description": "WiiU Retro Launcher", 
    "details": "Launcher for RetroArch cores.\n  Mod of the Homebrew Launcher by Dimok.\n  Credits to Dimok and the RetroArch developers.\n\n  You have to put the cores to sd:/wiiu/retro/*. To simply go back to the Hbl,\n   just put a copy of the homebrew_launcher in the retro directory.\n\n   Uses version 1.4 of HBL\n  ", 
    "license": "n/a", 
    "title": "Retro Launcher", 
    "url": "https://gbatemp.net/threads/retroarch-wiiu-wip.447670/page-28#post-6815805", 
    "version": "1.4"
}