{
  "title": "Geckiine",
  "author": "multiple people",
  "category": "legacy",
  "version": "1.1",
  "url": "https://gbatemp.net/threads/release-geckiine-tcpgecko-and-cafiine-combined.433057/",
  "license": "",
  "description": "TCPGecko and Cafiine combined",
  "details": "\\nThis tool install both TCPgecko and Cafiine into system memory so that you can use them at the same time.\\n\\nSpecial thanks to : Maschell / Dimok / NWPlayer123 / amibu / seresaa / MachMatic and brienj.\\n\\nOatmealDome says , Shoutouts t oeveryone at the splatoon Modding hub Discord because i probably annoyed them by talking endlessly about the various problems i encountered.\\n",
  "changelog": ""
}