{
  "title": "Swip Swap Me - WUPS",
  "author": "Maschell",
  "category": "legacy",
  "version": "SwipSwapMe-20180923121622-65aec45",
  "url": "https://github.com/Maschell/SwipSwapMe/releases",
  "license": "GPLv3",
  "description": "Swap the TV and DRC screen",
  "details": "This APP requires the WiiU plugin system Loader to function\\n\\nWhen starting the app, you have the option to set your own button combo. Just press the button combo you want for 2 seconds. Otherwise it will use the default settings (TV button).\\n\\nPress the TV button (or your button combo) on the Gamepad to swap the screens. Thats all.",
  "changelog": ""
}