{
  "title": "wiiu-vnc",
  "author": "rw-r-r_0644, Compucat",
  "category": "legacy",
  "version": "0.5",
  "url": "https://gitlab.com/4TU/wiiu-vnc",
  "license": "GPLv2",
  "description": "WIP VNC client for Wii U",
  "details": "A VNC client for remotely viewing a computer that's running a VNC server. Currently does not have support for controlling the remote computer, and the target IP must be set up on the SD card by editing the file at sd:/vnc.txt.\\n\\nThe file should be a text file on the SD card at sd:/vnc.txt with the following format, separated by newlines:\\n[IP address]\\n[password]\\n",
  "changelog": ""
}