{
  "title": "Screenshot - WUPS",
  "author": "Maschell",
  "category": "legacy",
  "version": "ScreenshotWUPS-20180923115054-539e06b",
  "url": "https://github.com/Maschell/ScreenshotWUPS/releases",
  "license": "GPLv3",
  "description": "Create screenshots on your Wii U",
  "details": "This app requires the WiiU plugin system Loader to be installed to function.\\n\\nThis is just a simple plugin that takes screenshot of the TV and DRC screen. The screenshot will saved on the sd card in the folder \"sd:/wiiu/screenshots/\"",
  "changelog": ""
}