{
  "title": "Ast-U-Roids",
  "author": "brienj",
  "category": "legacy",
  "version": "2.5",
  "url": "https://gbatemp.net/threads/ast-u-roids-v2-0-elf-for-homebrew-launcher.425045/",
  "license": "",
  "description": "Ast-U-Roids",
  "details": "XHP Creations proudly presents Ast-U-Roids\\nDestroy asteroids with your spaceship like the arcade classic.\\nSpecial Thanks to (in no particular order):\\nDatalogger, vgmoose, pwsincd, Quark The Awesome, and Dimok.\\nXHP Creations logo is a trademark of XHP Creations and should not be used in any unofficial build.\\nUsed with permission - Goin-In performed by [Abnormal] Produced by the [extreme World order] (C)2014\\n  ",
  "changelog": ""
}